T_10,x_10,T_8,x_8,T_6,x_6,T_4,x_4,T_4.5,x_4.5,T_4.7,x_4.7,T_5,x_5,T_5.2,x_5.2
0.507859,0.788,0.496708,0.79,0.502808,0.7930666666666666,0.503742,0.7932,0.498581,0.7933333333333333,0.495916,0.7934666666666667,0.489702,0.7930666666666666,0.499771,0.7936000000000001
0.99964,0.7845333333333334,0.997467,0.7885333333333333,0.999253,0.7906666666666666,0.992874,0.7954666666666667,1.001848,0.7944,1.003519,0.7936000000000001,0.991634,0.7938666666666666,0.997658,0.7933333333333333
1.491568,0.7829333333333334,1.498615,0.7862666666666667,1.506338,0.7925333333333333,1.49804,0.7966666666666666,1.5017877,0.7954666666666667,1.4934549,0.7944,1.496913,0.7938666666666666,1.505047,0.7939999999999999
2.0014538,0.778,2.0053404,0.7856000000000001,2.00368,0.7913333333333333,1.98962,0.7966666666666666,2.00421914,0.7966666666666666,1.99681925,0.7949333333333333,1.9937365,0.7948,2.0022266,0.7945333333333334
2.50846189,0.7766666666666666,2.49724574,0.7845333333333334,2.5012818,0.7916,2.507275,0.7989333333333334,2.503158725,0.7966666666666666,2.510460716,0.7958666666666666,2.50512892,0.7958666666666666,2.499504,0.7949333333333333
2.996872912,0.7746666666666667,3.009201385,0.7833333333333333,3.005078,0.7914666666666667,2.9987952,0.8024,2.98961557,0.7966666666666666,3.0068815187,0.7966666666666666,3.002394923,0.7966666666666666,3.0090697,0.7966666666666666
3.4921588862,0.77,3.4949255405,0.7833333333333333,3.50240413,0.7918666666666667,3.49801726,0.8033333333333333,3.4949720404,0.7994666666666667,3.50174131696,0.7976,3.5019104752,0.7966666666666666,3.50401389,0.7966666666666666
3.99613511973,0.7692,4.00858401532,0.7833333333333333,3.993266466,0.7909333333333334,3.99247672,0.8033333333333333,3.997693034,0.8024,4.002248509054,0.8018666666666667,3.99987502338,0.7966666666666666,4.004456052,0.7966666666666666
4.49514985308,0.7649333333333334,4.498397788558,0.7810666666666667,4.4936247755,0.7910666666666667,4.494606441,0.8064,4.49021239095,0.8033333333333333,4.5070627486414,0.8030666666666666,4.498452120266,0.7966666666666666,4.4927556426,0.7966666666666666
5.001590737529,0.7634666666666666,4.994116119688,0.7793333333333333,4.9994976574,0.7919999999999999,5.0012628589,0.8085333333333333,5.00051304433,0.8033333333333333,5.00463338729502,0.8033333333333333,4.9941486268798,0.8008000000000001,5.0099036155,0.7966666666666666
5.500243720514,0.7593333333333334,5.5102649889132,0.7772,5.5085590873,0.7904,5.5005189553,0.8094666666666667,5.507577766644,0.8041333333333334,5.50003851495953,0.8033333333333333,5.50392242242483,0.8024,5.49775721397,0.7966666666666666
6.0044898229605,0.7566666666666667,6.00141381555605,0.7766666666666666,6.00418292505,0.7898666666666667,6.0010729876,0.8089333333333334,6.005300494977,0.8033333333333333,5.990276440350037,0.8033333333333333,5.99941356490063,0.8022666666666667,5.9975404986,0.7966666666666666
6.49408982098775,0.7550666666666667,6.493509050207656,0.7761333333333333,6.508011300434,0.7894666666666666,6.5079201962,0.8089333333333334,6.491989968498,0.8033333333333333,6.508851538656839,0.8033333333333333,6.493871192967795,0.8019999999999999,6.506173036215,0.7961333333333334
6.997262403454237,0.752,6.995124873887425,0.7741333333333333,6.9990848992061,0.7877333333333333,6.99974225273,0.8076,6.9922758578697,0.8030666666666666,6.993052820752295,0.8025333333333333,6.999150079885263,0.8012,7.0058915398816,0.7942666666666667
7.499929533297016,0.7504000000000001,7.500762316697993,0.7721333333333333,7.50922717771484,0.7861333333333334,7.49704878883,0.8046666666666666,7.4977220430332,0.8025333333333333,7.506299419745727,0.8017333333333334,7.493283376550377,0.8017333333333334,7.50639634929385,0.7937333333333334
8.007591791888206,0.7501333333333333,8.001410270835747,0.7702666666666667,8.004096996333788,0.7856000000000001,7.996584787136,0.8034666666666667,8.00619129256847,0.8,7.995152800874819,0.8010666666666666,8.00059415478196,0.8,8.006333224257009,0.7929333333333333
8.502018588389296,0.7494666666666667,8.501100712861641,0.77,8.50499110280354,0.7845333333333334,8.4952545381696,0.8033333333333333,8.495421736521449,0.7993333333333333,8.496064796945879,0.8002666666666667,8.502614420143574,0.7968,8.496389371655601,0.7922666666666667
8.996264056822406,0.7485333333333334,9.00063024522493,0.7692,8.990358177299356,0.7833333333333333,8.99778706727181,0.8021333333333333,9.003147355161232,0.7966666666666666,8.99689307285058,0.7985333333333333,8.99901466373096,0.7966666666666666,8.994038369616774,0.7886666666666666
9.501251870143332,0.7478666666666667,9.49264577700304,0.7674666666666667,9.495169364433789,0.7833333333333333,9.493281245102816,0.8001333333333333,9.504002397840363,0.7966666666666666,9.50618075293966,0.7968,9.493411191273523,0.7949333333333333,9.495968542867304,0.7877333333333333
10.004381777697589,0.7468,9.99645652668268,0.7669333333333334,10.00673162958157,0.7825333333333333,10.00096604923063,0.8,9.992450338650684,0.7945333333333334,10.002962704453374,0.7966666666666666,9.99964509030853,0.7930666666666666,9.993820611641652,0.7866666666666666
10.50284184374751,0.7468,10.493017003231222,0.7669333333333334,10.504273015719,0.7802666666666667,10.502977461699365,0.8009333333333334,10.493265164974549,0.7934666666666667,10.500506610703582,0.7949333333333333,10.50486333484538,0.7929333333333333,10.499553741445201,0.7865333333333333
10.994434118433128,0.7465333333333334,11.00640688297413,0.7666666666666667,11.000801904319914,0.7794666666666666,11.001229879221842,0.8006666666666666,11.000380452254936,0.7928000000000001,10.99751992376215,0.7938666666666666,10.994686455605944,0.7933333333333333,11.001267754843521,0.7861333333333334
11.496979039551396,0.7454666666666666,11.49772623804451,0.7667999999999999,11.493556213118769,0.7794666666666666,11.506514338464772,0.8004,11.494851461972084,0.7929333333333333,11.496250693995837,0.7936000000000001,11.49559076030433,0.7930666666666666,11.507924397396199,0.7858666666666666
12.00706572772569,0.7438666666666667,11.994688221441969,0.7674666666666667,11.998670298553447,0.7784,12.000935720431052,0.8010666666666666,12.000177482664723,0.7929333333333333,11.996897460131894,0.7937333333333334,12.006379564366396,0.7937333333333334,11.996436887309734,0.7856000000000001
12.502782155306836,0.7436,12.50558087740344,0.7669333333333334,12.493513430089976,0.7781333333333333,12.507007297200992,0.8013333333333333,12.500347440261484,0.7929333333333333,12.508718844768673,0.7942666666666667,12.49604567244437,0.7932,12.49784733009088,0.7849333333333333
13.001835044850369,0.7434666666666666,13.000497108134596,0.7674666666666667,12.993643133163172,0.7781333333333333,13.004838528763305,0.8013333333333333,13.007589397336565,0.7932,12.993663389479527,0.7945333333333334,13.001818867637157,0.7932,13.005406327298713,0.7847999999999999
13.506707544038663,0.7441333333333333,13.495689922515618,0.7673333333333333,13.50243384140528,0.7785333333333333,13.492418501400032,0.8008000000000001,13.496474647081948,0.7933333333333333,13.497889372438763,0.7936000000000001,13.49797360375767,0.7937333333333334,13.493952279827935,0.7850666666666667
13.997852498178808,0.744,14.002662434215768,0.7669333333333334,13.99223700744609,0.778,14.00720210840249,0.8009333333333334,13.99916545744674,0.7938666666666666,14.002897329601971,0.7942666666666667,13.997351544640887,0.7936000000000001,14.000389252117104,0.7844
14.503017326363269,0.7445333333333334,14.504916075874336,0.7672,14.495524446738962,0.778,14.500847595883194,0.8013333333333333,14.506853643940495,0.7937333333333334,14.50789439697353,0.7936000000000001,14.493143443980886,0.7938666666666666,14.497662644873397,0.7842666666666667
15.001711146833518,0.7449333333333333,15.005051135312277,0.7670666666666667,15.003104089845117,0.778,15.000483186246544,0.8014666666666667,15.005731483896923,0.7936000000000001,15.005066344933486,0.7941333333333334,14.993182705018013,0.7936000000000001,14.999233695287616,0.7844
15.50403742915882,0.7446666666666667,15.495085240437923,0.7674666666666667,15.497119924376612,0.778,15.493073173209352,0.8012,15.50579170527912,0.7937333333333334,15.500505600357627,0.7937333333333334,15.50434320618188,0.7932,15.507405058809066,0.7844
15.9950428962098,0.7445333333333334,15.999666803063429,0.768,16.000380045389278,0.7774666666666668,15.999863395691593,0.8013333333333333,15.99821002466684,0.7941333333333334,16.004214192189444,0.7938666666666666,15.995997157463298,0.7934666666666667,15.998705850795172,0.7839999999999999
16.4972979005668,0.7433333333333333,16.496543944093993,0.768,16.50229112242307,0.7772,16.497142099095182,0.8013333333333333,16.498913678011778,0.7938666666666666,16.495265177453476,0.7930666666666666,16.503241692693205,0.7930666666666666,16.4943617060765,0.7841333333333333
16.99772555910077,0.7433333333333333,16.99774550375126,0.7681333333333333,16.99726398946116,0.7776,17.002320034172214,0.8013333333333333,16.99603032636322,0.7939999999999999,16.993857982229464,0.7929333333333333,17.008470433437584,0.7937333333333334,16.993855324775407,0.7845333333333334
17.498426512644738,0.7433333333333333,17.497453982639605,0.7678666666666667,17.502470145914643,0.7776,17.498035746841335,0.8014666666666667,17.493958693646093,0.7938666666666666,17.49713326833784,0.7934666666666667,17.505313178789557,0.7936000000000001,17.502516541156155,0.7842666666666667
18.00534773630121,0.7433333333333333,17.993390673658375,0.7678666666666667,17.995155288614544,0.7772,17.999776099765946,0.8017333333333334,17.99375149510731,0.7941333333333334,18.005084790025556,0.7934666666666667,18.002181165068354,0.7938666666666666,17.99922878150544,0.7847999999999999
18.49701395985788,0.7433333333333333,18.49603222492624,0.768,18.50221162485176,0.7773333333333333,18.49490317285864,0.8032,18.498575035087736,0.7945333333333334,18.49928225252217,0.7937333333333334,18.506647168448456,0.7944,18.497597056198504,0.7847999999999999
19.00764139703461,0.7433333333333333,19.00593822862738,0.7681333333333333,19.00034355313928,0.7773333333333333,19.005205748289303,0.8033333333333333,19.002647925470686,0.7942666666666667,18.999977374533565,0.7936000000000001,19.003355734202128,0.7938666666666666,19.003005412095376,0.7841333333333333
19.49661297075108,0.7433333333333333,19.498904809975706,0.7676,19.50072824544552,0.7773333333333333,19.49948768402593,0.8033333333333333,19.50001326269544,0.7949333333333333,19.49379374792217,0.7938666666666666,19.49707997903559,0.7938666666666666,19.502875103742497,0.7833333333333333
19.99846990986828,0.744,19.998481007898665,0.7678666666666667,20.00185964518425,0.7778666666666667,20.00005675708457,0.8033333333333333,19.99347128735816,0.7948,19.99726619129162,0.7939999999999999,19.99406514774992,0.7937333333333334,20.002358743242098,0.7834666666666666
